Event Type,Name of the Event,Sport,Date,Location
tournament,The Battle 2026,Basketball,"Oct 10, 2026","Martinez, California"
tournament,Playing For Pink: Breast Cancer Awareness 2026,Basketball,"Oct 31 - Nov 1, 2026","Martinez, California"
tournament,Volleyball Tournament,Volleyball,"Jan 1 - 5, 2030","Buenos Aires, Ciudad Autónoma de Buenos Aires"
tournament,Soccer Tournament,Soccer,"Aug 16 - 23, 2030","Buenos Aires, Ciudad Autónoma de Buenos Aires"
tournament,[COPY] Soccer Tournament,Soccer,"Aug 16 - 23, 2030","Buenos Aires, Ciudad Autónoma de Buenos Aires"
tournament,The Battle 2026,Basketball,"Oct 10, 2026","Martinez, California"
tournament,Playing For Pink: Breast Cancer Awareness 2026,Basketball,"Oct 31 - Nov 1, 2026","Martinez, California"
tournament,Volleyball Tournament,Volleyball,"Jan 1 - 5, 2030","Buenos Aires, Ciudad Autónoma de Buenos Aires"
tournament,Soccer Tournament,Soccer,"Aug 16 - 23, 2030","Buenos Aires, Ciudad Autónoma de Buenos Aires"
tournament,[COPY] Soccer Tournament,Soccer,"Aug 16 - 23, 2030","Buenos Aires, Ciudad Autónoma de Buenos Aires"
tournament,The Battle 2026,Basketball,"Oct 10, 2026","Martinez, California"
tournament,Playing For Pink: Breast Cancer Awareness 2026,Basketball,"Oct 31 - Nov 1, 2026","Martinez, California"
tournament,Volleyball Tournament,Volleyball,"Jan 1 - 5, 2030","Buenos Aires, Ciudad Autónoma de Buenos Aires"
tournament,Soccer Tournament,Soccer,"Aug 16 - 23, 2030","Buenos Aires, Ciudad Autónoma de Buenos Aires"
tournament,[COPY] Soccer Tournament,Soccer,"Aug 16 - 23, 2030","Buenos Aires, Ciudad Autónoma de Buenos Aires"
tournament,The Battle 2026,Basketball,"Oct 10, 2026","Martinez, California"
tournament,Playing For Pink: Breast Cancer Awareness 2026,Basketball,"Oct 31 - Nov 1, 2026","Martinez, California"
tournament,Volleyball Tournament,Volleyball,"Jan 1 - 5, 2030","Buenos Aires, Ciudad Autónoma de Buenos Aires"
tournament,Soccer Tournament,Soccer,"Aug 16 - 23, 2030","Buenos Aires, Ciudad Autónoma de Buenos Aires"
tournament,[COPY] Soccer Tournament,Soccer,"Aug 16 - 23, 2030","Buenos Aires, Ciudad Autónoma de Buenos Aires"
tournament,The Battle 2026,Basketball,"Oct 10, 2026","Martinez, California"
tournament,Playing For Pink: Breast Cancer Awareness 2026,Basketball,"Oct 31 - Nov 1, 2026","Martinez, California"
tournament,Volleyball Tournament,Volleyball,"Jan 1 - 5, 2030","Buenos Aires, Ciudad Autónoma de Buenos Aires"
tournament,Soccer Tournament,Soccer,"Aug 16 - 23, 2030","Buenos Aires, Ciudad Autónoma de Buenos Aires"
tournament,[COPY] Soccer Tournament,Soccer,"Aug 16 - 23, 2030","Buenos Aires, Ciudad Autónoma de Buenos Aires"
tournament,The Battle 2026,Basketball,"Oct 10, 2026","Martinez, California"
tournament,Playing For Pink: Breast Cancer Awareness 2026,Basketball,"Oct 31 - Nov 1, 2026","Martinez, California"
tournament,Volleyball Tournament,Volleyball,"Jan 1 - 5, 2030","Buenos Aires, Ciudad Autónoma de Buenos Aires"
tournament,Soccer Tournament,Soccer,"Aug 16 - 23, 2030","Buenos Aires, Ciudad Autónoma de Buenos Aires"
tournament,[COPY] Soccer Tournament,Soccer,"Aug 16 - 23, 2030","Buenos Aires, Ciudad Autónoma de Buenos Aires"
tournament,The Battle 2026,Basketball,"Oct 10, 2026","Martinez, California"
tournament,Playing For Pink: Breast Cancer Awareness 2026,Basketball,"Oct 31 - Nov 1, 2026","Martinez, California"
tournament,Volleyball Tournament,Volleyball,"Jan 1 - 5, 2030","Buenos Aires, Ciudad Autónoma de Buenos Aires"
tournament,Soccer Tournament,Soccer,"Aug 16 - 23, 2030","Buenos Aires, Ciudad Autónoma de Buenos Aires"
tournament,[COPY] Soccer Tournament,Soccer,"Aug 16 - 23, 2030","Buenos Aires, Ciudad Autónoma de Buenos Aires"
tournament,The Battle 2026,Basketball,"Oct 10, 2026","Martinez, California"
tournament,Playing For Pink: Breast Cancer Awareness 2026,Basketball,"Oct 31 - Nov 1, 2026","Martinez, California"
tournament,Volleyball Tournament,Volleyball,"Jan 1 - 5, 2030","Buenos Aires, Ciudad Autónoma de Buenos Aires"
tournament,Soccer Tournament,Soccer,"Aug 16 - 23, 2030","Buenos Aires, Ciudad Autónoma de Buenos Aires"
tournament,[COPY] Soccer Tournament,Soccer,"Aug 16 - 23, 2030","Buenos Aires, Ciudad Autónoma de Buenos Aires"
tournament,The Battle 2026,Basketball,"Oct 10, 2026","Martinez, California"
tournament,Playing For Pink: Breast Cancer Awareness 2026,Basketball,"Oct 31 - Nov 1, 2026","Martinez, California"
tournament,Volleyball Tournament,Volleyball,"Jan 1 - 5, 2030","Buenos Aires, Ciudad Autónoma de Buenos Aires"
tournament,Soccer Tournament,Soccer,"Aug 16 - 23, 2030","Buenos Aires, Ciudad Autónoma de Buenos Aires"
tournament,[COPY] Soccer Tournament,Soccer,"Aug 16 - 23, 2030","Buenos Aires, Ciudad Autónoma de Buenos Aires"
tournament,The Battle 2026,Basketball,"Oct 10, 2026","Martinez, California"
tournament,Playing For Pink: Breast Cancer Awareness 2026,Basketball,"Oct 31 - Nov 1, 2026","Martinez, California"
tournament,Volleyball Tournament,Volleyball,"Jan 1 - 5, 2030","Buenos Aires, Ciudad Autónoma de Buenos Aires"
tournament,Soccer Tournament,Soccer,"Aug 16 - 23, 2030","Buenos Aires, Ciudad Autónoma de Buenos Aires"
tournament,[COPY] Soccer Tournament,Soccer,"Aug 16 - 23, 2030","Buenos Aires, Ciudad Autónoma de Buenos Aires"
league,Summer 2025 City of Novato Adult League,Basketball,"May 18 - Sep 7, 2025","Novato, California"
league,Fall League 2025,Basketball,"Aug 23 - Nov 1, 2025","Tucson, Arizona"
tournament,MAIG 2025,Volleyball,"Sep 12 - 14, 2025","Edmonton, Alberta"
tournament,2025 MAIG Basketball Tournament,Basketball,"Sep 12 - 14, 2025","Edmonton, Alberta"
tournament,Saturday Showdown I @ Iron Peak powered by FCP,Basketball,"Sep 13, 2025","Hillsborough, New Jersey"
tournament,YRSA Festival #5,Soccer,"Sep 13, 2025","Vaughan, Ontario"
tournament,Hardwood Palace (Sep 13-14),Basketball,"Sep 13 - 14, 2025","Rocklin, California"
tournament,Triple Double Tournaments (End Of Summer Finale),Basketball,"Sep 13 - 14, 2025","Sacramento, California"
tournament,Bay Area Flight Fall Session #1,Basketball,"Sep 13 - 14, 2025","Walnut Creek, California"
tournament,JJs Coed Tournament,Softball,"Sep 13 - 14, 2025","Watertown, South Dakota"
tournament,2025 MAIG Ball Hockey Tournament,Ball Hockey,"Sep 13 - 14, 2025","Edmonton, Alberta"
tournament,2025 MAIG Ball Hockey Tournament,Ball Hockey,"Sep 13 - 14, 2025","Edmonton, Alberta"
tournament,Lake Forest 11th Annual Pickleball Classic,Pickleball,"Sep 5 - 7, 2025","Lake Saint Louis, Missouri"
tournament,Throwback Sunday,Baseball,"Sep 14, 2025","Long Beach, Ca"
tournament,9/14/25 - BLOCKSPORT SUNDAY SWISH,Basketball,"Sep 14, 2025","Terrell, Texas"
tournament,Storm 14U September 14th 2025 Tournament,Softball,"Sep 14, 2025","Exton, Pennsylvania"
tryout,Paul George Elite 2034 Tryouts,Basketball,"Sep 14 - 21, 2025","Sacramento, California"
league,2025 Fall League Powered by SFP & Marquee Sports and Events,Basketball,"Sep 14 - Oct 19, 2025","North Chesterfield, Virginia"
league,Fall 2025 City of Novato Adult League,Basketball,"Sep 14 - Dec 14, 2025","Novato, California"
league,EOTO Men's League,Basketball,"Sep 18 - Nov 20, 2025","Lawrenceville, Georgia"
tournament,QuickKick 3v3,Soccer,"Sep 20, 2025","Manalapan Township, New Jersey"
tournament,"The September Showdown - 20, 2025",Basketball,"Sep 20, 2025","Manteca, California"
tournament,Westcoast Takeover FALL SHOOTOUT,Basketball,"Sep 20, 2025","Carmichael, California"
tournament,Hardwood Palace (Sep 6-7),Basketball,"Sep 6 - 7, 2025","Rocklin, California"
tournament,Keelhauler Jamboree,Basketball,"Sep 20, 2025","Vallejo, California"
tournament,Bring Her Out 2025,Basketball,"Sep 20 - 21, 2025","Martinez, California"
tournament,Hardwood Palace (Sep 20-21),Basketball,"Sep 20 - 21, 2025","Rocklin, California"
tournament,Saturday Showdown II @ Iron Peak powered by FCP,Basketball,"Sep 20 - 21, 2025","Hillsborough, New Jersey"
tournament,Bears Fall Classic,Softball,"Sep 20 - 21, 2025","West Branch, Iowa"
tournament,2025 Fall Tip Off,Basketball,"Sep 20 - 21, 2025","Walnut Creek, California"
league,FCAA Fall Baseball 2025,Baseball,"Sep 20 - Nov 8, 2025","Jacksonville, Florida"
tournament,Throwback Sunday,Baseball,"Sep 21, 2025","Long Beach, Ca"
tournament,Chico Avengers BACK TO SCHOOL BASH!,Basketball,"Sep 6 - 7, 2025","Chico, California"
tournament,United Fall Madness,Basketball,"Sep 6 - 7, 2025","Martinez, California"
league,The Soccer Box Indoor Fall 25' League,Soccer,"Sep 6 - Nov 1, 2025","Richardson, Texas"
tournament,Throwback Sunday's Season Opener,Baseball,"Sep 7, 2025","Long Beach, Ca"
tournament,9/7/25 - BLOCKSPORT SUNDAY SWISH,Basketball,"Sep 7, 2025","Terrell, Texas"
league,RSK Sports Middle School League,Basketball,"Sep 7 - Oct 12, 2025","Appleton, Wisconsin"
tournament,The Battle 2026,Basketball,"Oct 10, 2026","Martinez, California"
tournament,Playing For Pink: Breast Cancer Awareness 2026,Basketball,"Oct 31 - Nov 1, 2026","Martinez, California"
tournament,Volleyball Tournament,Volleyball,"Jan 1 - 5, 2030","Buenos Aires, Ciudad Autónoma de Buenos Aires"
tournament,Soccer Tournament,Soccer,"Aug 16 - 23, 2030","Buenos Aires, Ciudad Autónoma de Buenos Aires"
tournament,[COPY] Soccer Tournament,Soccer,"Aug 16 - 23, 2030","Buenos Aires, Ciudad Autónoma de Buenos Aires"
tournament,The Battle 2026,Basketball,"Oct 10, 2026","Martinez, California"
tournament,Playing For Pink: Breast Cancer Awareness 2026,Basketball,"Oct 31 - Nov 1, 2026","Martinez, California"
tournament,Volleyball Tournament,Volleyball,"Jan 1 - 5, 2030","Buenos Aires, Ciudad Autónoma de Buenos Aires"
tournament,Soccer Tournament,Soccer,"Aug 16 - 23, 2030","Buenos Aires, Ciudad Autónoma de Buenos Aires"
tournament,[COPY] Soccer Tournament,Soccer,"Aug 16 - 23, 2030","Buenos Aires, Ciudad Autónoma de Buenos Aires"
tournament,The Battle 2026,Basketball,"Oct 10, 2026","Martinez, California"
tournament,Playing For Pink: Breast Cancer Awareness 2026,Basketball,"Oct 31 - Nov 1, 2026","Martinez, California"
tournament,Volleyball Tournament,Volleyball,"Jan 1 - 5, 2030","Buenos Aires, Ciudad Autónoma de Buenos Aires"
tournament,Soccer Tournament,Soccer,"Aug 16 - 23, 2030","Buenos Aires, Ciudad Autónoma de Buenos Aires"
tournament,[COPY] Soccer Tournament,Soccer,"Aug 16 - 23, 2030","Buenos Aires, Ciudad Autónoma de Buenos Aires"
tournament,The Battle 2026,Basketball,"Oct 10, 2026","Martinez, California"
tournament,Playing For Pink: Breast Cancer Awareness 2026,Basketball,"Oct 31 - Nov 1, 2026","Martinez, California"
tournament,Volleyball Tournament,Volleyball,"Jan 1 - 5, 2030","Buenos Aires, Ciudad Autónoma de Buenos Aires"
tournament,Soccer Tournament,Soccer,"Aug 16 - 23, 2030","Buenos Aires, Ciudad Autónoma de Buenos Aires"
tournament,[COPY] Soccer Tournament,Soccer,"Aug 16 - 23, 2030","Buenos Aires, Ciudad Autónoma de Buenos Aires"
tournament,The Battle 2026,Basketball,"Oct 10, 2026","Martinez, California"
tournament,Playing For Pink: Breast Cancer Awareness 2026,Basketball,"Oct 31 - Nov 1, 2026","Martinez, California"
tournament,Volleyball Tournament,Volleyball,"Jan 1 - 5, 2030","Buenos Aires, Ciudad Autónoma de Buenos Aires"
tournament,Soccer Tournament,Soccer,"Aug 16 - 23, 2030","Buenos Aires, Ciudad Autónoma de Buenos Aires"
tournament,[COPY] Soccer Tournament,Soccer,"Aug 16 - 23, 2030","Buenos Aires, Ciudad Autónoma de Buenos Aires"
tournament,The Battle 2026,Basketball,"Oct 10, 2026","Martinez, California"
tournament,Playing For Pink: Breast Cancer Awareness 2026,Basketball,"Oct 31 - Nov 1, 2026","Martinez, California"
tournament,Volleyball Tournament,Volleyball,"Jan 1 - 5, 2030","Buenos Aires, Ciudad Autónoma de Buenos Aires"
tournament,Soccer Tournament,Soccer,"Aug 16 - 23, 2030","Buenos Aires, Ciudad Autónoma de Buenos Aires"
tournament,[COPY] Soccer Tournament,Soccer,"Aug 16 - 23, 2030","Buenos Aires, Ciudad Autónoma de Buenos Aires"
tournament,The Battle 2026,Basketball,"Oct 10, 2026","Martinez, California"
tournament,Playing For Pink: Breast Cancer Awareness 2026,Basketball,"Oct 31 - Nov 1, 2026","Martinez, California"
tournament,Volleyball Tournament,Volleyball,"Jan 1 - 5, 2030","Buenos Aires, Ciudad Autónoma de Buenos Aires"
tournament,Soccer Tournament,Soccer,"Aug 16 - 23, 2030","Buenos Aires, Ciudad Autónoma de Buenos Aires"
tournament,[COPY] Soccer Tournament,Soccer,"Aug 16 - 23, 2030","Buenos Aires, Ciudad Autónoma de Buenos Aires"
tournament,The Battle 2026,Basketball,"Oct 10, 2026","Martinez, California"
tournament,Playing For Pink: Breast Cancer Awareness 2026,Basketball,"Oct 31 - Nov 1, 2026","Martinez, California"
tournament,Volleyball Tournament,Volleyball,"Jan 1 - 5, 2030","Buenos Aires, Ciudad Autónoma de Buenos Aires"
tournament,Soccer Tournament,Soccer,"Aug 16 - 23, 2030","Buenos Aires, Ciudad Autónoma de Buenos Aires"
tournament,[COPY] Soccer Tournament,Soccer,"Aug 16 - 23, 2030","Buenos Aires, Ciudad Autónoma de Buenos Aires"
tournament,The Battle 2026,Basketball,"Oct 10, 2026","Martinez, California"
tournament,Playing For Pink: Breast Cancer Awareness 2026,Basketball,"Oct 31 - Nov 1, 2026","Martinez, California"
tournament,Volleyball Tournament,Volleyball,"Jan 1 - 5, 2030","Buenos Aires, Ciudad Autónoma de Buenos Aires"
tournament,Soccer Tournament,Soccer,"Aug 16 - 23, 2030","Buenos Aires, Ciudad Autónoma de Buenos Aires"
tournament,[COPY] Soccer Tournament,Soccer,"Aug 16 - 23, 2030","Buenos Aires, Ciudad Autónoma de Buenos Aires"
tournament,The Battle 2026,Basketball,"Oct 10, 2026","Martinez, California"
tournament,Playing For Pink: Breast Cancer Awareness 2026,Basketball,"Oct 31 - Nov 1, 2026","Martinez, California"
tournament,Volleyball Tournament,Volleyball,"Jan 1 - 5, 2030","Buenos Aires, Ciudad Autónoma de Buenos Aires"
tournament,Soccer Tournament,Soccer,"Aug 16 - 23, 2030","Buenos Aires, Ciudad Autónoma de Buenos Aires"
tournament,[COPY] Soccer Tournament,Soccer,"Aug 16 - 23, 2030","Buenos Aires, Ciudad Autónoma de Buenos Aires"
tournament,The Battle 2026,Basketball,"Oct 10, 2026","Martinez, California"
tournament,Playing For Pink: Breast Cancer Awareness 2026,Basketball,"Oct 31 - Nov 1, 2026","Martinez, California"
tournament,Volleyball Tournament,Volleyball,"Jan 1 - 5, 2030","Buenos Aires, Ciudad Autónoma de Buenos Aires"
tournament,Soccer Tournament,Soccer,"Aug 16 - 23, 2030","Buenos Aires, Ciudad Autónoma de Buenos Aires"
tournament,[COPY] Soccer Tournament,Soccer,"Aug 16 - 23, 2030","Buenos Aires, Ciudad Autónoma de Buenos Aires"
tournament,The Battle 2026,Basketball,"Oct 10, 2026","Martinez, California"
tournament,Playing For Pink: Breast Cancer Awareness 2026,Basketball,"Oct 31 - Nov 1, 2026","Martinez, California"
tournament,Volleyball Tournament,Volleyball,"Jan 1 - 5, 2030","Buenos Aires, Ciudad Autónoma de Buenos Aires"
tournament,Soccer Tournament,Soccer,"Aug 16 - 23, 2030","Buenos Aires, Ciudad Autónoma de Buenos Aires"
tournament,[COPY] Soccer Tournament,Soccer,"Aug 16 - 23, 2030","Buenos Aires, Ciudad Autónoma de Buenos Aires"
tournament,The Battle 2026,Basketball,"Oct 10, 2026","Martinez, California"
tournament,Playing For Pink: Breast Cancer Awareness 2026,Basketball,"Oct 31 - Nov 1, 2026","Martinez, California"
tournament,Volleyball Tournament,Volleyball,"Jan 1 - 5, 2030","Buenos Aires, Ciudad Autónoma de Buenos Aires"
tournament,Soccer Tournament,Soccer,"Aug 16 - 23, 2030","Buenos Aires, Ciudad Autónoma de Buenos Aires"
tournament,[COPY] Soccer Tournament,Soccer,"Aug 16 - 23, 2030","Buenos Aires, Ciudad Autónoma de Buenos Aires"
tournament,The Battle 2026,Basketball,"Oct 10, 2026","Martinez, California"
tournament,Playing For Pink: Breast Cancer Awareness 2026,Basketball,"Oct 31 - Nov 1, 2026","Martinez, California"
tournament,Volleyball Tournament,Volleyball,"Jan 1 - 5, 2030","Buenos Aires, Ciudad Autónoma de Buenos Aires"
tournament,Soccer Tournament,Soccer,"Aug 16 - 23, 2030","Buenos Aires, Ciudad Autónoma de Buenos Aires"
tournament,[COPY] Soccer Tournament,Soccer,"Aug 16 - 23, 2030","Buenos Aires, Ciudad Autónoma de Buenos Aires"
tournament,The Battle 2026,Basketball,"Oct 10, 2026","Martinez, California"
tournament,Playing For Pink: Breast Cancer Awareness 2026,Basketball,"Oct 31 - Nov 1, 2026","Martinez, California"
tournament,Volleyball Tournament,Volleyball,"Jan 1 - 5, 2030","Buenos Aires, Ciudad Autónoma de Buenos Aires"
tournament,Soccer Tournament,Soccer,"Aug 16 - 23, 2030","Buenos Aires, Ciudad Autónoma de Buenos Aires"
tournament,[COPY] Soccer Tournament,Soccer,"Aug 16 - 23, 2030","Buenos Aires, Ciudad Autónoma de Buenos Aires"
tournament,The Battle 2026,Basketball,"Oct 10, 2026","Martinez, California"
tournament,Playing For Pink: Breast Cancer Awareness 2026,Basketball,"Oct 31 - Nov 1, 2026","Martinez, California"
tournament,Volleyball Tournament,Volleyball,"Jan 1 - 5, 2030","Buenos Aires, Ciudad Autónoma de Buenos Aires"
tournament,Soccer Tournament,Soccer,"Aug 16 - 23, 2030","Buenos Aires, Ciudad Autónoma de Buenos Aires"
tournament,[COPY] Soccer Tournament,Soccer,"Aug 16 - 23, 2030","Buenos Aires, Ciudad Autónoma de Buenos Aires"
tournament,The Battle 2026,Basketball,"Oct 10, 2026","Martinez, California"
tournament,Playing For Pink: Breast Cancer Awareness 2026,Basketball,"Oct 31 - Nov 1, 2026","Martinez, California"
tournament,Volleyball Tournament,Volleyball,"Jan 1 - 5, 2030","Buenos Aires, Ciudad Autónoma de Buenos Aires"
tournament,Soccer Tournament,Soccer,"Aug 16 - 23, 2030","Buenos Aires, Ciudad Autónoma de Buenos Aires"
tournament,[COPY] Soccer Tournament,Soccer,"Aug 16 - 23, 2030","Buenos Aires, Ciudad Autónoma de Buenos Aires"
tournament,The Battle 2026,Basketball,"Oct 10, 2026","Martinez, California"
tournament,Playing For Pink: Breast Cancer Awareness 2026,Basketball,"Oct 31 - Nov 1, 2026","Martinez, California"
tournament,Volleyball Tournament,Volleyball,"Jan 1 - 5, 2030","Buenos Aires, Ciudad Autónoma de Buenos Aires"
tournament,Soccer Tournament,Soccer,"Aug 16 - 23, 2030","Buenos Aires, Ciudad Autónoma de Buenos Aires"
tournament,[COPY] Soccer Tournament,Soccer,"Aug 16 - 23, 2030","Buenos Aires, Ciudad Autónoma de Buenos Aires"
tournament,The Battle 2026,Basketball,"Oct 10, 2026","Martinez, California"
tournament,Playing For Pink: Breast Cancer Awareness 2026,Basketball,"Oct 31 - Nov 1, 2026","Martinez, California"
tournament,Volleyball Tournament,Volleyball,"Jan 1 - 5, 2030","Buenos Aires, Ciudad Autónoma de Buenos Aires"
tournament,Soccer Tournament,Soccer,"Aug 16 - 23, 2030","Buenos Aires, Ciudad Autónoma de Buenos Aires"
tournament,[COPY] Soccer Tournament,Soccer,"Aug 16 - 23, 2030","Buenos Aires, Ciudad Autónoma de Buenos Aires"
tournament,The Battle 2026,Basketball,"Oct 10, 2026","Martinez, California"
tournament,Playing For Pink: Breast Cancer Awareness 2026,Basketball,"Oct 31 - Nov 1, 2026","Martinez, California"
tournament,Volleyball Tournament,Volleyball,"Jan 1 - 5, 2030","Buenos Aires, Ciudad Autónoma de Buenos Aires"
tournament,Soccer Tournament,Soccer,"Aug 16 - 23, 2030","Buenos Aires, Ciudad Autónoma de Buenos Aires"
tournament,[COPY] Soccer Tournament,Soccer,"Aug 16 - 23, 2030","Buenos Aires, Ciudad Autónoma de Buenos Aires"
tournament,The Battle 2026,Basketball,"Oct 10, 2026","Martinez, California"
tournament,Playing For Pink: Breast Cancer Awareness 2026,Basketball,"Oct 31 - Nov 1, 2026","Martinez, California"
tournament,Volleyball Tournament,Volleyball,"Jan 1 - 5, 2030","Buenos Aires, Ciudad Autónoma de Buenos Aires"
tournament,Soccer Tournament,Soccer,"Aug 16 - 23, 2030","Buenos Aires, Ciudad Autónoma de Buenos Aires"
tournament,[COPY] Soccer Tournament,Soccer,"Aug 16 - 23, 2030","Buenos Aires, Ciudad Autónoma de Buenos Aires"
tournament,The Battle 2026,Basketball,"Oct 10, 2026","Martinez, California"
tournament,Playing For Pink: Breast Cancer Awareness 2026,Basketball,"Oct 31 - Nov 1, 2026","Martinez, California"
tournament,Volleyball Tournament,Volleyball,"Jan 1 - 5, 2030","Buenos Aires, Ciudad Autónoma de Buenos Aires"
tournament,Soccer Tournament,Soccer,"Aug 16 - 23, 2030","Buenos Aires, Ciudad Autónoma de Buenos Aires"
tournament,[COPY] Soccer Tournament,Soccer,"Aug 16 - 23, 2030","Buenos Aires, Ciudad Autónoma de Buenos Aires"
tournament,The Battle 2026,Basketball,"Oct 10, 2026","Martinez, California"
tournament,Playing For Pink: Breast Cancer Awareness 2026,Basketball,"Oct 31 - Nov 1, 2026","Martinez, California"
tournament,Volleyball Tournament,Volleyball,"Jan 1 - 5, 2030","Buenos Aires, Ciudad Autónoma de Buenos Aires"
tournament,Soccer Tournament,Soccer,"Aug 16 - 23, 2030","Buenos Aires, Ciudad Autónoma de Buenos Aires"
tournament,[COPY] Soccer Tournament,Soccer,"Aug 16 - 23, 2030","Buenos Aires, Ciudad Autónoma de Buenos Aires"
tournament,The Battle 2026,Basketball,"Oct 10, 2026","Martinez, California"
tournament,Playing For Pink: Breast Cancer Awareness 2026,Basketball,"Oct 31 - Nov 1, 2026","Martinez, California"
tournament,Volleyball Tournament,Volleyball,"Jan 1 - 5, 2030","Buenos Aires, Ciudad Autónoma de Buenos Aires"
tournament,Soccer Tournament,Soccer,"Aug 16 - 23, 2030","Buenos Aires, Ciudad Autónoma de Buenos Aires"
tournament,[COPY] Soccer Tournament,Soccer,"Aug 16 - 23, 2030","Buenos Aires, Ciudad Autónoma de Buenos Aires"
tournament,The Battle 2026,Basketball,"Oct 10, 2026","Martinez, California"
tournament,Playing For Pink: Breast Cancer Awareness 2026,Basketball,"Oct 31 - Nov 1, 2026","Martinez, California"
tournament,Volleyball Tournament,Volleyball,"Jan 1 - 5, 2030","Buenos Aires, Ciudad Autónoma de Buenos Aires"
tournament,Soccer Tournament,Soccer,"Aug 16 - 23, 2030","Buenos Aires, Ciudad Autónoma de Buenos Aires"
tournament,[COPY] Soccer Tournament,Soccer,"Aug 16 - 23, 2030","Buenos Aires, Ciudad Autónoma de Buenos Aires"
tournament,The Battle 2026,Basketball,"Oct 10, 2026","Martinez, California"
tournament,Playing For Pink: Breast Cancer Awareness 2026,Basketball,"Oct 31 - Nov 1, 2026","Martinez, California"
tournament,Volleyball Tournament,Volleyball,"Jan 1 - 5, 2030","Buenos Aires, Ciudad Autónoma de Buenos Aires"
tournament,Soccer Tournament,Soccer,"Aug 16 - 23, 2030","Buenos Aires, Ciudad Autónoma de Buenos Aires"
tournament,[COPY] Soccer Tournament,Soccer,"Aug 16 - 23, 2030","Buenos Aires, Ciudad Autónoma de Buenos Aires"
tournament,The Battle 2026,Basketball,"Oct 10, 2026","Martinez, California"
tournament,Playing For Pink: Breast Cancer Awareness 2026,Basketball,"Oct 31 - Nov 1, 2026","Martinez, California"
tournament,Volleyball Tournament,Volleyball,"Jan 1 - 5, 2030","Buenos Aires, Ciudad Autónoma de Buenos Aires"
tournament,Soccer Tournament,Soccer,"Aug 16 - 23, 2030","Buenos Aires, Ciudad Autónoma de Buenos Aires"
tournament,[COPY] Soccer Tournament,Soccer,"Aug 16 - 23, 2030","Buenos Aires, Ciudad Autónoma de Buenos Aires"
tournament,The Battle 2026,Basketball,"Oct 10, 2026","Martinez, California"
tournament,Playing For Pink: Breast Cancer Awareness 2026,Basketball,"Oct 31 - Nov 1, 2026","Martinez, California"
tournament,Volleyball Tournament,Volleyball,"Jan 1 - 5, 2030","Buenos Aires, Ciudad Autónoma de Buenos Aires"
tournament,Soccer Tournament,Soccer,"Aug 16 - 23, 2030","Buenos Aires, Ciudad Autónoma de Buenos Aires"
tournament,[COPY] Soccer Tournament,Soccer,"Aug 16 - 23, 2030","Buenos Aires, Ciudad Autónoma de Buenos Aires"
tournament,The Battle 2026,Basketball,"Oct 10, 2026","Martinez, California"
tournament,Playing For Pink: Breast Cancer Awareness 2026,Basketball,"Oct 31 - Nov 1, 2026","Martinez, California"
tournament,Volleyball Tournament,Volleyball,"Jan 1 - 5, 2030","Buenos Aires, Ciudad Autónoma de Buenos Aires"
tournament,Soccer Tournament,Soccer,"Aug 16 - 23, 2030","Buenos Aires, Ciudad Autónoma de Buenos Aires"
tournament,[COPY] Soccer Tournament,Soccer,"Aug 16 - 23, 2030","Buenos Aires, Ciudad Autónoma de Buenos Aires"
tournament,The Battle 2026,Basketball,"Oct 10, 2026","Martinez, California"
tournament,Playing For Pink: Breast Cancer Awareness 2026,Basketball,"Oct 31 - Nov 1, 2026","Martinez, California"
tournament,Volleyball Tournament,Volleyball,"Jan 1 - 5, 2030","Buenos Aires, Ciudad Autónoma de Buenos Aires"
tournament,Soccer Tournament,Soccer,"Aug 16 - 23, 2030","Buenos Aires, Ciudad Autónoma de Buenos Aires"
tournament,[COPY] Soccer Tournament,Soccer,"Aug 16 - 23, 2030","Buenos Aires, Ciudad Autónoma de Buenos Aires"
tournament,The Battle 2026,Basketball,"Oct 10, 2026","Martinez, California"
tournament,Playing For Pink: Breast Cancer Awareness 2026,Basketball,"Oct 31 - Nov 1, 2026","Martinez, California"
tournament,Volleyball Tournament,Volleyball,"Jan 1 - 5, 2030","Buenos Aires, Ciudad Autónoma de Buenos Aires"
tournament,Soccer Tournament,Soccer,"Aug 16 - 23, 2030","Buenos Aires, Ciudad Autónoma de Buenos Aires"
tournament,[COPY] Soccer Tournament,Soccer,"Aug 16 - 23, 2030","Buenos Aires, Ciudad Autónoma de Buenos Aires"
tournament,The Battle 2026,Basketball,"Oct 10, 2026","Martinez, California"
tournament,Playing For Pink: Breast Cancer Awareness 2026,Basketball,"Oct 31 - Nov 1, 2026","Martinez, California"
tournament,Volleyball Tournament,Volleyball,"Jan 1 - 5, 2030","Buenos Aires, Ciudad Autónoma de Buenos Aires"
tournament,Soccer Tournament,Soccer,"Aug 16 - 23, 2030","Buenos Aires, Ciudad Autónoma de Buenos Aires"
tournament,[COPY] Soccer Tournament,Soccer,"Aug 16 - 23, 2030","Buenos Aires, Ciudad Autónoma de Buenos Aires"
tournament,The Battle 2026,Basketball,"Oct 10, 2026","Martinez, California"
tournament,Playing For Pink: Breast Cancer Awareness 2026,Basketball,"Oct 31 - Nov 1, 2026","Martinez, California"
tournament,Volleyball Tournament,Volleyball,"Jan 1 - 5, 2030","Buenos Aires, Ciudad Autónoma de Buenos Aires"
tournament,Soccer Tournament,Soccer,"Aug 16 - 23, 2030","Buenos Aires, Ciudad Autónoma de Buenos Aires"
tournament,[COPY] Soccer Tournament,Soccer,"Aug 16 - 23, 2030","Buenos Aires, Ciudad Autónoma de Buenos Aires"
tournament,The Battle 2026,Basketball,"Oct 10, 2026","Martinez, California"
tournament,Playing For Pink: Breast Cancer Awareness 2026,Basketball,"Oct 31 - Nov 1, 2026","Martinez, California"
tournament,Volleyball Tournament,Volleyball,"Jan 1 - 5, 2030","Buenos Aires, Ciudad Autónoma de Buenos Aires"
tournament,Soccer Tournament,Soccer,"Aug 16 - 23, 2030","Buenos Aires, Ciudad Autónoma de Buenos Aires"
tournament,[COPY] Soccer Tournament,Soccer,"Aug 16 - 23, 2030","Buenos Aires, Ciudad Autónoma de Buenos Aires"
tournament,The Battle 2026,Basketball,"Oct 10, 2026","Martinez, California"
tournament,Playing For Pink: Breast Cancer Awareness 2026,Basketball,"Oct 31 - Nov 1, 2026","Martinez, California"
tournament,Volleyball Tournament,Volleyball,"Jan 1 - 5, 2030","Buenos Aires, Ciudad Autónoma de Buenos Aires"
tournament,Soccer Tournament,Soccer,"Aug 16 - 23, 2030","Buenos Aires, Ciudad Autónoma de Buenos Aires"
tournament,[COPY] Soccer Tournament,Soccer,"Aug 16 - 23, 2030","Buenos Aires, Ciudad Autónoma de Buenos Aires"
tournament,The Battle 2026,Basketball,"Oct 10, 2026","Martinez, California"
tournament,Playing For Pink: Breast Cancer Awareness 2026,Basketball,"Oct 31 - Nov 1, 2026","Martinez, California"
tournament,Volleyball Tournament,Volleyball,"Jan 1 - 5, 2030","Buenos Aires, Ciudad Autónoma de Buenos Aires"
tournament,Soccer Tournament,Soccer,"Aug 16 - 23, 2030","Buenos Aires, Ciudad Autónoma de Buenos Aires"
tournament,[COPY] Soccer Tournament,Soccer,"Aug 16 - 23, 2030","Buenos Aires, Ciudad Autónoma de Buenos Aires"
tournament,The Battle 2026,Basketball,"Oct 10, 2026","Martinez, California"
tournament,Playing For Pink: Breast Cancer Awareness 2026,Basketball,"Oct 31 - Nov 1, 2026","Martinez, California"
tournament,Volleyball Tournament,Volleyball,"Jan 1 - 5, 2030","Buenos Aires, Ciudad Autónoma de Buenos Aires"
tournament,Soccer Tournament,Soccer,"Aug 16 - 23, 2030","Buenos Aires, Ciudad Autónoma de Buenos Aires"
tournament,[COPY] Soccer Tournament,Soccer,"Aug 16 - 23, 2030","Buenos Aires, Ciudad Autónoma de Buenos Aires"
tournament,The Battle 2026,Basketball,"Oct 10, 2026","Martinez, California"
tournament,Playing For Pink: Breast Cancer Awareness 2026,Basketball,"Oct 31 - Nov 1, 2026","Martinez, California"
tournament,Volleyball Tournament,Volleyball,"Jan 1 - 5, 2030","Buenos Aires, Ciudad Autónoma de Buenos Aires"
tournament,Soccer Tournament,Soccer,"Aug 16 - 23, 2030","Buenos Aires, Ciudad Autónoma de Buenos Aires"
tournament,[COPY] Soccer Tournament,Soccer,"Aug 16 - 23, 2030","Buenos Aires, Ciudad Autónoma de Buenos Aires"
tournament,The Battle 2026,Basketball,"Oct 10, 2026","Martinez, California"
tournament,Playing For Pink: Breast Cancer Awareness 2026,Basketball,"Oct 31 - Nov 1, 2026","Martinez, California"
tournament,Volleyball Tournament,Volleyball,"Jan 1 - 5, 2030","Buenos Aires, Ciudad Autónoma de Buenos Aires"
tournament,Soccer Tournament,Soccer,"Aug 16 - 23, 2030","Buenos Aires, Ciudad Autónoma de Buenos Aires"
tournament,[COPY] Soccer Tournament,Soccer,"Aug 16 - 23, 2030","Buenos Aires, Ciudad Autónoma de Buenos Aires"
tournament,The Battle 2026,Basketball,"Oct 10, 2026","Martinez, California"
tournament,Playing For Pink: Breast Cancer Awareness 2026,Basketball,"Oct 31 - Nov 1, 2026","Martinez, California"
tournament,Volleyball Tournament,Volleyball,"Jan 1 - 5, 2030","Buenos Aires, Ciudad Autónoma de Buenos Aires"
tournament,Soccer Tournament,Soccer,"Aug 16 - 23, 2030","Buenos Aires, Ciudad Autónoma de Buenos Aires"
tournament,[COPY] Soccer Tournament,Soccer,"Aug 16 - 23, 2030","Buenos Aires, Ciudad Autónoma de Buenos Aires"
tournament,The Battle 2026,Basketball,"Oct 10, 2026","Martinez, California"
tournament,Playing For Pink: Breast Cancer Awareness 2026,Basketball,"Oct 31 - Nov 1, 2026","Martinez, California"
tournament,Volleyball Tournament,Volleyball,"Jan 1 - 5, 2030","Buenos Aires, Ciudad Autónoma de Buenos Aires"
tournament,Soccer Tournament,Soccer,"Aug 16 - 23, 2030","Buenos Aires, Ciudad Autónoma de Buenos Aires"
tournament,[COPY] Soccer Tournament,Soccer,"Aug 16 - 23, 2030","Buenos Aires, Ciudad Autónoma de Buenos Aires"
tournament,The Battle 2026,Basketball,"Oct 10, 2026","Martinez, California"
tournament,Playing For Pink: Breast Cancer Awareness 2026,Basketball,"Oct 31 - Nov 1, 2026","Martinez, California"
tournament,Volleyball Tournament,Volleyball,"Jan 1 - 5, 2030","Buenos Aires, Ciudad Autónoma de Buenos Aires"
tournament,Soccer Tournament,Soccer,"Aug 16 - 23, 2030","Buenos Aires, Ciudad Autónoma de Buenos Aires"
tournament,[COPY] Soccer Tournament,Soccer,"Aug 16 - 23, 2030","Buenos Aires, Ciudad Autónoma de Buenos Aires"
tournament,The Battle 2026,Basketball,"Oct 10, 2026","Martinez, California"
tournament,Playing For Pink: Breast Cancer Awareness 2026,Basketball,"Oct 31 - Nov 1, 2026","Martinez, California"
tournament,Volleyball Tournament,Volleyball,"Jan 1 - 5, 2030","Buenos Aires, Ciudad Autónoma de Buenos Aires"
tournament,Soccer Tournament,Soccer,"Aug 16 - 23, 2030","Buenos Aires, Ciudad Autónoma de Buenos Aires"
tournament,[COPY] Soccer Tournament,Soccer,"Aug 16 - 23, 2030","Buenos Aires, Ciudad Autónoma de Buenos Aires"
tournament,The Battle 2026,Basketball,"Oct 10, 2026","Martinez, California"
tournament,Playing For Pink: Breast Cancer Awareness 2026,Basketball,"Oct 31 - Nov 1, 2026","Martinez, California"
tournament,Volleyball Tournament,Volleyball,"Jan 1 - 5, 2030","Buenos Aires, Ciudad Autónoma de Buenos Aires"
tournament,Soccer Tournament,Soccer,"Aug 16 - 23, 2030","Buenos Aires, Ciudad Autónoma de Buenos Aires"
tournament,[COPY] Soccer Tournament,Soccer,"Aug 16 - 23, 2030","Buenos Aires, Ciudad Autónoma de Buenos Aires"
tournament,The Battle 2026,Basketball,"Oct 10, 2026","Martinez, California"
tournament,Playing For Pink: Breast Cancer Awareness 2026,Basketball,"Oct 31 - Nov 1, 2026","Martinez, California"
tournament,Volleyball Tournament,Volleyball,"Jan 1 - 5, 2030","Buenos Aires, Ciudad Autónoma de Buenos Aires"
tournament,Soccer Tournament,Soccer,"Aug 16 - 23, 2030","Buenos Aires, Ciudad Autónoma de Buenos Aires"
tournament,[COPY] Soccer Tournament,Soccer,"Aug 16 - 23, 2030","Buenos Aires, Ciudad Autónoma de Buenos Aires"
tournament,The Battle 2026,Basketball,"Oct 10, 2026","Martinez, California"
tournament,Playing For Pink: Breast Cancer Awareness 2026,Basketball,"Oct 31 - Nov 1, 2026","Martinez, California"
tournament,Volleyball Tournament,Volleyball,"Jan 1 - 5, 2030","Buenos Aires, Ciudad Autónoma de Buenos Aires"
tournament,Soccer Tournament,Soccer,"Aug 16 - 23, 2030","Buenos Aires, Ciudad Autónoma de Buenos Aires"
tournament,[COPY] Soccer Tournament,Soccer,"Aug 16 - 23, 2030","Buenos Aires, Ciudad Autónoma de Buenos Aires"
tournament,The Battle 2026,Basketball,"Oct 10, 2026","Martinez, California"
tournament,Playing For Pink: Breast Cancer Awareness 2026,Basketball,"Oct 31 - Nov 1, 2026","Martinez, California"
tournament,Volleyball Tournament,Volleyball,"Jan 1 - 5, 2030","Buenos Aires, Ciudad Autónoma de Buenos Aires"
tournament,Soccer Tournament,Soccer,"Aug 16 - 23, 2030","Buenos Aires, Ciudad Autónoma de Buenos Aires"
tournament,[COPY] Soccer Tournament,Soccer,"Aug 16 - 23, 2030","Buenos Aires, Ciudad Autónoma de Buenos Aires"
tournament,The Battle 2026,Basketball,"Oct 10, 2026","Martinez, California"
tournament,Playing For Pink: Breast Cancer Awareness 2026,Basketball,"Oct 31 - Nov 1, 2026","Martinez, California"
tournament,Volleyball Tournament,Volleyball,"Jan 1 - 5, 2030","Buenos Aires, Ciudad Autónoma de Buenos Aires"
tournament,Soccer Tournament,Soccer,"Aug 16 - 23, 2030","Buenos Aires, Ciudad Autónoma de Buenos Aires"
tournament,[COPY] Soccer Tournament,Soccer,"Aug 16 - 23, 2030","Buenos Aires, Ciudad Autónoma de Buenos Aires"
tournament,The Battle 2026,Basketball,"Oct 10, 2026","Martinez, California"
tournament,Playing For Pink: Breast Cancer Awareness 2026,Basketball,"Oct 31 - Nov 1, 2026","Martinez, California"
tournament,Volleyball Tournament,Volleyball,"Jan 1 - 5, 2030","Buenos Aires, Ciudad Autónoma de Buenos Aires"
tournament,Soccer Tournament,Soccer,"Aug 16 - 23, 2030","Buenos Aires, Ciudad Autónoma de Buenos Aires"
tournament,[COPY] Soccer Tournament,Soccer,"Aug 16 - 23, 2030","Buenos Aires, Ciudad Autónoma de Buenos Aires"
tournament,The Battle 2026,Basketball,"Oct 10, 2026","Martinez, California"
tournament,Playing For Pink: Breast Cancer Awareness 2026,Basketball,"Oct 31 - Nov 1, 2026","Martinez, California"
tournament,Volleyball Tournament,Volleyball,"Jan 1 - 5, 2030","Buenos Aires, Ciudad Autónoma de Buenos Aires"
tournament,Soccer Tournament,Soccer,"Aug 16 - 23, 2030","Buenos Aires, Ciudad Autónoma de Buenos Aires"
tournament,[COPY] Soccer Tournament,Soccer,"Aug 16 - 23, 2030","Buenos Aires, Ciudad Autónoma de Buenos Aires"
tournament,The Battle 2026,Basketball,"Oct 10, 2026","Martinez, California"
tournament,Playing For Pink: Breast Cancer Awareness 2026,Basketball,"Oct 31 - Nov 1, 2026","Martinez, California"
tournament,Volleyball Tournament,Volleyball,"Jan 1 - 5, 2030","Buenos Aires, Ciudad Autónoma de Buenos Aires"
tournament,Soccer Tournament,Soccer,"Aug 16 - 23, 2030","Buenos Aires, Ciudad Autónoma de Buenos Aires"
tournament,[COPY] Soccer Tournament,Soccer,"Aug 16 - 23, 2030","Buenos Aires, Ciudad Autónoma de Buenos Aires"
tournament,The Battle 2026,Basketball,"Oct 10, 2026","Martinez, California"
tournament,Playing For Pink: Breast Cancer Awareness 2026,Basketball,"Oct 31 - Nov 1, 2026","Martinez, California"
tournament,Volleyball Tournament,Volleyball,"Jan 1 - 5, 2030","Buenos Aires, Ciudad Autónoma de Buenos Aires"
tournament,Soccer Tournament,Soccer,"Aug 16 - 23, 2030","Buenos Aires, Ciudad Autónoma de Buenos Aires"
tournament,[COPY] Soccer Tournament,Soccer,"Aug 16 - 23, 2030","Buenos Aires, Ciudad Autónoma de Buenos Aires"
tournament,The Battle 2026,Basketball,"Oct 10, 2026","Martinez, California"
tournament,Playing For Pink: Breast Cancer Awareness 2026,Basketball,"Oct 31 - Nov 1, 2026","Martinez, California"
tournament,Volleyball Tournament,Volleyball,"Jan 1 - 5, 2030","Buenos Aires, Ciudad Autónoma de Buenos Aires"
tournament,Soccer Tournament,Soccer,"Aug 16 - 23, 2030","Buenos Aires, Ciudad Autónoma de Buenos Aires"
tournament,[COPY] Soccer Tournament,Soccer,"Aug 16 - 23, 2030","Buenos Aires, Ciudad Autónoma de Buenos Aires"
tournament,The Battle 2026,Basketball,"Oct 10, 2026","Martinez, California"
tournament,Playing For Pink: Breast Cancer Awareness 2026,Basketball,"Oct 31 - Nov 1, 2026","Martinez, California"
tournament,Volleyball Tournament,Volleyball,"Jan 1 - 5, 2030","Buenos Aires, Ciudad Autónoma de Buenos Aires"
tournament,Soccer Tournament,Soccer,"Aug 16 - 23, 2030","Buenos Aires, Ciudad Autónoma de Buenos Aires"
tournament,[COPY] Soccer Tournament,Soccer,"Aug 16 - 23, 2030","Buenos Aires, Ciudad Autónoma de Buenos Aires"
tournament,The Battle 2026,Basketball,"Oct 10, 2026","Martinez, California"
tournament,Playing For Pink: Breast Cancer Awareness 2026,Basketball,"Oct 31 - Nov 1, 2026","Martinez, California"
tournament,Volleyball Tournament,Volleyball,"Jan 1 - 5, 2030","Buenos Aires, Ciudad Autónoma de Buenos Aires"
tournament,Soccer Tournament,Soccer,"Aug 16 - 23, 2030","Buenos Aires, Ciudad Autónoma de Buenos Aires"
tournament,[COPY] Soccer Tournament,Soccer,"Aug 16 - 23, 2030","Buenos Aires, Ciudad Autónoma de Buenos Aires"
tournament,The Battle 2026,Basketball,"Oct 10, 2026","Martinez, California"
tournament,Playing For Pink: Breast Cancer Awareness 2026,Basketball,"Oct 31 - Nov 1, 2026","Martinez, California"
tournament,Volleyball Tournament,Volleyball,"Jan 1 - 5, 2030","Buenos Aires, Ciudad Autónoma de Buenos Aires"
tournament,Soccer Tournament,Soccer,"Aug 16 - 23, 2030","Buenos Aires, Ciudad Autónoma de Buenos Aires"
tournament,[COPY] Soccer Tournament,Soccer,"Aug 16 - 23, 2030","Buenos Aires, Ciudad Autónoma de Buenos Aires"
tournament,The Battle 2026,Basketball,"Oct 10, 2026","Martinez, California"
tournament,Playing For Pink: Breast Cancer Awareness 2026,Basketball,"Oct 31 - Nov 1, 2026","Martinez, California"
tournament,Volleyball Tournament,Volleyball,"Jan 1 - 5, 2030","Buenos Aires, Ciudad Autónoma de Buenos Aires"
tournament,Soccer Tournament,Soccer,"Aug 16 - 23, 2030","Buenos Aires, Ciudad Autónoma de Buenos Aires"
tournament,[COPY] Soccer Tournament,Soccer,"Aug 16 - 23, 2030","Buenos Aires, Ciudad Autónoma de Buenos Aires"
tournament,The Battle 2026,Basketball,"Oct 10, 2026","Martinez, California"
tournament,Playing For Pink: Breast Cancer Awareness 2026,Basketball,"Oct 31 - Nov 1, 2026","Martinez, California"
tournament,Volleyball Tournament,Volleyball,"Jan 1 - 5, 2030","Buenos Aires, Ciudad Autónoma de Buenos Aires"
tournament,Soccer Tournament,Soccer,"Aug 16 - 23, 2030","Buenos Aires, Ciudad Autónoma de Buenos Aires"
tournament,[COPY] Soccer Tournament,Soccer,"Aug 16 - 23, 2030","Buenos Aires, Ciudad Autónoma de Buenos Aires"
tournament,The Battle 2026,Basketball,"Oct 10, 2026","Martinez, California"
tournament,Playing For Pink: Breast Cancer Awareness 2026,Basketball,"Oct 31 - Nov 1, 2026","Martinez, California"
tournament,Volleyball Tournament,Volleyball,"Jan 1 - 5, 2030","Buenos Aires, Ciudad Autónoma de Buenos Aires"
tournament,Soccer Tournament,Soccer,"Aug 16 - 23, 2030","Buenos Aires, Ciudad Autónoma de Buenos Aires"
tournament,[COPY] Soccer Tournament,Soccer,"Aug 16 - 23, 2030","Buenos Aires, Ciudad Autónoma de Buenos Aires"
tournament,The Battle 2026,Basketball,"Oct 10, 2026","Martinez, California"
tournament,Playing For Pink: Breast Cancer Awareness 2026,Basketball,"Oct 31 - Nov 1, 2026","Martinez, California"
tournament,Volleyball Tournament,Volleyball,"Jan 1 - 5, 2030","Buenos Aires, Ciudad Autónoma de Buenos Aires"
tournament,Soccer Tournament,Soccer,"Aug 16 - 23, 2030","Buenos Aires, Ciudad Autónoma de Buenos Aires"
tournament,[COPY] Soccer Tournament,Soccer,"Aug 16 - 23, 2030","Buenos Aires, Ciudad Autónoma de Buenos Aires"
tournament,The Battle 2026,Basketball,"Oct 10, 2026","Martinez, California"
tournament,Playing For Pink: Breast Cancer Awareness 2026,Basketball,"Oct 31 - Nov 1, 2026","Martinez, California"
tournament,Volleyball Tournament,Volleyball,"Jan 1 - 5, 2030","Buenos Aires, Ciudad Autónoma de Buenos Aires"
tournament,Soccer Tournament,Soccer,"Aug 16 - 23, 2030","Buenos Aires, Ciudad Autónoma de Buenos Aires"
tournament,[COPY] Soccer Tournament,Soccer,"Aug 16 - 23, 2030","Buenos Aires, Ciudad Autónoma de Buenos Aires"
tournament,The Battle 2026,Basketball,"Oct 10, 2026","Martinez, California"
tournament,Playing For Pink: Breast Cancer Awareness 2026,Basketball,"Oct 31 - Nov 1, 2026","Martinez, California"
tournament,Volleyball Tournament,Volleyball,"Jan 1 - 5, 2030","Buenos Aires, Ciudad Autónoma de Buenos Aires"
tournament,Soccer Tournament,Soccer,"Aug 16 - 23, 2030","Buenos Aires, Ciudad Autónoma de Buenos Aires"
tournament,[COPY] Soccer Tournament,Soccer,"Aug 16 - 23, 2030","Buenos Aires, Ciudad Autónoma de Buenos Aires"
tournament,The Battle 2026,Basketball,"Oct 10, 2026","Martinez, California"
tournament,Playing For Pink: Breast Cancer Awareness 2026,Basketball,"Oct 31 - Nov 1, 2026","Martinez, California"
tournament,Volleyball Tournament,Volleyball,"Jan 1 - 5, 2030","Buenos Aires, Ciudad Autónoma de Buenos Aires"
tournament,Soccer Tournament,Soccer,"Aug 16 - 23, 2030","Buenos Aires, Ciudad Autónoma de Buenos Aires"
tournament,[COPY] Soccer Tournament,Soccer,"Aug 16 - 23, 2030","Buenos Aires, Ciudad Autónoma de Buenos Aires"
tournament,The Battle 2026,Basketball,"Oct 10, 2026","Martinez, California"
tournament,Playing For Pink: Breast Cancer Awareness 2026,Basketball,"Oct 31 - Nov 1, 2026","Martinez, California"
tournament,Volleyball Tournament,Volleyball,"Jan 1 - 5, 2030","Buenos Aires, Ciudad Autónoma de Buenos Aires"
tournament,Soccer Tournament,Soccer,"Aug 16 - 23, 2030","Buenos Aires, Ciudad Autónoma de Buenos Aires"
tournament,[COPY] Soccer Tournament,Soccer,"Aug 16 - 23, 2030","Buenos Aires, Ciudad Autónoma de Buenos Aires"
tournament,The Battle 2026,Basketball,"Oct 10, 2026","Martinez, California"
tournament,Playing For Pink: Breast Cancer Awareness 2026,Basketball,"Oct 31 - Nov 1, 2026","Martinez, California"
tournament,Volleyball Tournament,Volleyball,"Jan 1 - 5, 2030","Buenos Aires, Ciudad Autónoma de Buenos Aires"
tournament,Soccer Tournament,Soccer,"Aug 16 - 23, 2030","Buenos Aires, Ciudad Autónoma de Buenos Aires"
tournament,[COPY] Soccer Tournament,Soccer,"Aug 16 - 23, 2030","Buenos Aires, Ciudad Autónoma de Buenos Aires"
tournament,The Battle 2026,Basketball,"Oct 10, 2026","Martinez, California"
tournament,Playing For Pink: Breast Cancer Awareness 2026,Basketball,"Oct 31 - Nov 1, 2026","Martinez, California"
tournament,Volleyball Tournament,Volleyball,"Jan 1 - 5, 2030","Buenos Aires, Ciudad Autónoma de Buenos Aires"
tournament,Soccer Tournament,Soccer,"Aug 16 - 23, 2030","Buenos Aires, Ciudad Autónoma de Buenos Aires"
tournament,[COPY] Soccer Tournament,Soccer,"Aug 16 - 23, 2030","Buenos Aires, Ciudad Autónoma de Buenos Aires"
tournament,The Battle 2026,Basketball,"Oct 10, 2026","Martinez, California"
tournament,Playing For Pink: Breast Cancer Awareness 2026,Basketball,"Oct 31 - Nov 1, 2026","Martinez, California"
tournament,Volleyball Tournament,Volleyball,"Jan 1 - 5, 2030","Buenos Aires, Ciudad Autónoma de Buenos Aires"
tournament,Soccer Tournament,Soccer,"Aug 16 - 23, 2030","Buenos Aires, Ciudad Autónoma de Buenos Aires"
tournament,[COPY] Soccer Tournament,Soccer,"Aug 16 - 23, 2030","Buenos Aires, Ciudad Autónoma de Buenos Aires"
tournament,The Battle 2026,Basketball,"Oct 10, 2026","Martinez, California"
tournament,Playing For Pink: Breast Cancer Awareness 2026,Basketball,"Oct 31 - Nov 1, 2026","Martinez, California"
tournament,Volleyball Tournament,Volleyball,"Jan 1 - 5, 2030","Buenos Aires, Ciudad Autónoma de Buenos Aires"
tournament,Soccer Tournament,Soccer,"Aug 16 - 23, 2030","Buenos Aires, Ciudad Autónoma de Buenos Aires"
tournament,[COPY] Soccer Tournament,Soccer,"Aug 16 - 23, 2030","Buenos Aires, Ciudad Autónoma de Buenos Aires"
tournament,The Battle 2026,Basketball,"Oct 10, 2026","Martinez, California"
tournament,Playing For Pink: Breast Cancer Awareness 2026,Basketball,"Oct 31 - Nov 1, 2026","Martinez, California"
tournament,Volleyball Tournament,Volleyball,"Jan 1 - 5, 2030","Buenos Aires, Ciudad Autónoma de Buenos Aires"
tournament,Soccer Tournament,Soccer,"Aug 16 - 23, 2030","Buenos Aires, Ciudad Autónoma de Buenos Aires"
tournament,[COPY] Soccer Tournament,Soccer,"Aug 16 - 23, 2030","Buenos Aires, Ciudad Autónoma de Buenos Aires"
tournament,The Battle 2026,Basketball,"Oct 10, 2026","Martinez, California"
tournament,Playing For Pink: Breast Cancer Awareness 2026,Basketball,"Oct 31 - Nov 1, 2026","Martinez, California"
tournament,Volleyball Tournament,Volleyball,"Jan 1 - 5, 2030","Buenos Aires, Ciudad Autónoma de Buenos Aires"
tournament,Soccer Tournament,Soccer,"Aug 16 - 23, 2030","Buenos Aires, Ciudad Autónoma de Buenos Aires"
tournament,[COPY] Soccer Tournament,Soccer,"Aug 16 - 23, 2030","Buenos Aires, Ciudad Autónoma de Buenos Aires"
tournament,The Battle 2026,Basketball,"Oct 10, 2026","Martinez, California"
tournament,Playing For Pink: Breast Cancer Awareness 2026,Basketball,"Oct 31 - Nov 1, 2026","Martinez, California"
tournament,Volleyball Tournament,Volleyball,"Jan 1 - 5, 2030","Buenos Aires, Ciudad Autónoma de Buenos Aires"
tournament,Soccer Tournament,Soccer,"Aug 16 - 23, 2030","Buenos Aires, Ciudad Autónoma de Buenos Aires"
tournament,[COPY] Soccer Tournament,Soccer,"Aug 16 - 23, 2030","Buenos Aires, Ciudad Autónoma de Buenos Aires"
tournament,The Battle 2026,Basketball,"Oct 10, 2026","Martinez, California"
tournament,Playing For Pink: Breast Cancer Awareness 2026,Basketball,"Oct 31 - Nov 1, 2026","Martinez, California"
tournament,Volleyball Tournament,Volleyball,"Jan 1 - 5, 2030","Buenos Aires, Ciudad Autónoma de Buenos Aires"
tournament,Soccer Tournament,Soccer,"Aug 16 - 23, 2030","Buenos Aires, Ciudad Autónoma de Buenos Aires"
tournament,[COPY] Soccer Tournament,Soccer,"Aug 16 - 23, 2030","Buenos Aires, Ciudad Autónoma de Buenos Aires"
tournament,The Battle 2026,Basketball,"Oct 10, 2026","Martinez, California"
tournament,Playing For Pink: Breast Cancer Awareness 2026,Basketball,"Oct 31 - Nov 1, 2026","Martinez, California"
tournament,Volleyball Tournament,Volleyball,"Jan 1 - 5, 2030","Buenos Aires, Ciudad Autónoma de Buenos Aires"
tournament,Soccer Tournament,Soccer,"Aug 16 - 23, 2030","Buenos Aires, Ciudad Autónoma de Buenos Aires"
tournament,[COPY] Soccer Tournament,Soccer,"Aug 16 - 23, 2030","Buenos Aires, Ciudad Autónoma de Buenos Aires"
tournament,The Battle 2026,Basketball,"Oct 10, 2026","Martinez, California"
tournament,Playing For Pink: Breast Cancer Awareness 2026,Basketball,"Oct 31 - Nov 1, 2026","Martinez, California"
tournament,Volleyball Tournament,Volleyball,"Jan 1 - 5, 2030","Buenos Aires, Ciudad Autónoma de Buenos Aires"
tournament,Soccer Tournament,Soccer,"Aug 16 - 23, 2030","Buenos Aires, Ciudad Autónoma de Buenos Aires"
tournament,[COPY] Soccer Tournament,Soccer,"Aug 16 - 23, 2030","Buenos Aires, Ciudad Autónoma de Buenos Aires"
